<?xml version="1.0" encoding="UTF-8"?>
<!DOCTYPE mapper
  PUBLIC "-//mybatis.org//DTD Mapper 3.0//EN"
  "http://mybatis.org/dtd/mybatis-3-mapper.dtd">
 <mapper namespace="ariarose.team.project.model.ContentsDAO">
 	<delete id="deletePlan" parameterType="ContentsVO">
 		DELETE FROM CONTENTS WHERE SLOT_ID = #{slot_id};
 	</delete>
 	
 	<insert id="insertPlan" parameterType="ContentsVO">
 		INSERT INTO CONTENTS (
 			CONTENTS_ID, 
 			SLOT_ID, 
 			CONTENTS_DATE,
 			CONTENTS_TIME, 
 			CONTENTS_PLAN, 
 			CONTENTS_NAME, 
 			CONTENTS_DESC, 
 			CONTENTS_NUMBER, 
 			CONTENTS_ADDR, 
 			CONTENTS_LAT, 
 			CONTENTS_LNG, 
 			CONTENTS_IMAGE, 
 			CONTENTS_ICON) 
 		VALUES (
 			#{contents_id}, 
 			#{slot_id}, 
 			#{contents_date},
 			#{contents_time},  
 			#{contents_plan}, 
 			#{contents_name}, 
 			#{contents_desc}, 
 			#{contents_number}, 
 			#{contents_addr}, 
 			#{contents_lat}, 
 			#{contents_lng}, 
 			#{contents_image}, 
 			#{contents_icon});
 	</insert>
 	
 	<update id="updateContents" parameterType="ContentsVO">
 		UPDATE FINALPROJECT.CONTENTS 
 		SET 
 			CONTENTS_DATE = #{contents_date},
 			CONTENTS_TIME = #{contents_time},
 			CONTENTS_PLAN = #{contents_plan},
 			CONTENTS_NAME = #{contents_name},
 			CONTENTS_DESC = #{contents_desc},
 			CONTENTS_NUMBER = #{contents_number},
 			CONTENTS_ADDR = #{contents_addr},
 			CONTENTS_LAT = #{contents_lat},
 			CONTENTS_LNG = #{contents_lng},
 			CONTENTS_IMAGE = #{contents_image},
 			CONTENTS_ICON = #{contents_icon},
 			CONTENTS_REVIEW = #{contents_review},
 			CONTENTS_PICTURE  = #{contents_picture}
 		WHERE 
 			CONTENTS_ID = #{contents_id};
 		
 	</update>
 	
 	<select id="getListPlan" parameterType="ContentsVO" resultType="ContentsVO">
 		SELECT * 
 		FROM FINALPROJECT.CONTENTS 
 		WHERE SLOT_ID = #{slot_id}
 	</select>
 	
 	<update id="updateBook" parameterType="ContentsVO">
 	UPDATE FINALPROJECT.CONTENTS 
 		SET CONTENTS_BOOK='Y' WHERE SLOT_ID = #{slot_id};
 	</update>
 </mapper>