<?xml version="1.0" encoding="UTF-8"?>
<!DOCTYPE mapper
  PUBLIC "-//mybatis.org//DTD Mapper 3.0//EN"
  "http://mybatis.org/dtd/mybatis-3-mapper.dtd">
<mapper namespace="ariarose.team.project.model.RegistDAO">
	<select id="checkUserId" parameterType="UserVO" resultType="int">
		SELECT 
			COUNT(*) 
		FROM 
			USER 
		WHERE 
			USER_USERID = #{user_userId}
	</select>
	<select id="getRegistUser" parameterType="UserVO" resultType="UserVO">
		SELECT *
		FROM
			USER
		WHERE
			USER_USERID = #{user_userId}
	</select>
	<insert id="registUser" parameterType="UserVO">
		INSERT INTO FINALPROJECT.USER ( 
			USER_USERID, 
			USER_PASSWORD, 
			USER_NAME, 
			USER_PHONENUMBER, 
			USER_EMAIL) 
		VALUES ( 
			#{user_userId}, 
			#{user_password}, 
			#{user_name}, 
			#{user_phoneNumber}, 
			#{user_email});
		
	</insert>
	
	<update id="modifyUser" parameterType="UserVO">
		UPDATE FINALPROJECT.USER SET 
			USER_PASSWORD=#{user_password}, 
			USER_NAME=#{user_name}, 
			USER_PHONENUMBER=#{user_phoneNumber}, 
			USER_EMAIL=#{user_email}
		WHERE USER_ID=#{user_id};
	</update>
</mapper>